model,history_hours,horizon,n,mae,rmse,mase,bias,high_n,high_mae,high_bias,overall_pinball,overall_coverage80,overall_width80,high_pinball,high_coverage80,high_width80,mae_ci_low,mae_ci_high,delta_vs_persistence,delta_ci_low,delta_ci_high
Chronos-2,24,1,1596,12.617018884734103,23.37831415130709,0.23662720988206065,0.9266000694798348,328,23.170742453598393,0.4148285563399152,4.400776603168115,0.8032581453634086,48.70499351045542,8.032339217023152,0.8597560975609756,99.27139528786263,11.762610883517386,13.444995846833217,0.8670188847341036,0.1797297524497955,1.5648794542588795
Chronos-2,24,6,1596,45.207943431566235,73.59012895902309,0.8444009734956366,0.9337322056144103,324,70.4347818515919,-28.416551837214715,16.042327696493295,0.6528822055137845,114.7419780268705,24.174483663358803,0.7469135802469136,232.63788932929805,41.18754971490655,48.84099676096657,5.909071251115106,4.246459694128919,7.631492549599917
Chronos-2,24,24,1596,82.45891631306861,134.24024974483584,1.541799817047771,8.684298422402307,349,135.5788770582751,-46.984471148952714,30.143438720553736,0.4981203007518797,216.84851803098405,52.832652976793,0.5071633237822349,518.2580497380998,76.45402280815209,88.17394281845782,6.02219952108866,3.454284763593693,8.956665316919736
Chronos-2,72,1,1596,11.82196661344447,20.67237865728577,0.2223752927731416,1.3505371339936603,328,21.4070789523241,-0.5190938158733088,4.070070376402155,0.7913533834586466,40.08342507578676,7.291125514642979,0.8475609756097561,78.11322375041682,10.975773226739385,12.67552917604714,0.07196661344446932,-0.16587480812386118,0.3732236786389282
Chronos-2,72,6,1596,41.07801273412872,67.15363982933596,0.7688035610605715,-0.7671783406632885,324,68.49077395450922,-32.051412570623704,14.040901602240732,0.6917293233082706,103.84884544123982,22.66606249416807,0.6975308641975309,196.9199733910737,37.40199202900312,44.54636155388198,1.77914055367759,0.8739137154816633,2.674138913939395
Chronos-2,72,24,1596,77.8338587355793,109.53566069043869,1.458958379538207,0.7944909008523277,349,126.73294118209009,-83.78055778547139,25.390697697439883,0.5789473684210527,181.2596318533546,41.77091400889749,0.5702005730659025,271.3581761084177,73.13837807555618,82.59943165938225,1.3971419435993473,-0.615817203011287,3.3108910118154506
Chronos-2,168,1,1596,12.001647232170392,20.778464243352474,0.22597153836518724,1.6055080328967637,328,21.61178884273622,-0.48919824274574836,4.074803980818966,0.7844611528822055,39.100276083874526,7.325974690817235,0.8719512195121951,81.96678270944734,11.215530542462483,12.765543667084723,0.2516472321703918,-0.08625301509019823,0.6263917390080094
Chronos-2,168,6,1596,40.63287317424191,66.2994751682827,0.7599508180926808,-8.742239588782901,324,78.35610300228919,-61.81319001280231,13.056621951895547,0.7017543859649122,106.03950951123298,24.612630270734247,0.7376543209876543,216.94743673301036,36.77024866307492,44.09716501767339,1.334000993790782,0.006444893741779011,2.643808009908178
Chronos-2,168,24,1596,67.03037531901721,98.99593918465727,1.259625793628136,-23.46446370929106,349,141.81130842083164,-130.53190154264172,21.399803053904495,0.6553884711779449,157.16893824987244,46.19852525935132,0.5587392550143266,238.4794066355358,64.42179707128624,69.71992383478138,-9.406341472962746,-11.361032318086977,-7.3937036237784834
Chronos-2,720,1,1596,11.35946582254013,19.688481945474564,0.21369751875412024,1.8916113036019462,328,20.18105190556224,0.43626157248892433,3.924431154941058,0.7581453634085213,37.50224985992699,7.178747588832203,0.8384146341463414,77.86740979915712,10.676370322257,11.929331652071495,-0.3905341774598698,-0.7393215599725536,-0.039084923339133076
Chronos-2,720,6,1596,35.73597977215186,60.21664966753752,0.6687711563155808,-6.280256475721087,324,70.64197577959226,-51.762475472909436,11.578878438801395,0.7343358395989975,102.47386333757176,23.106792218400617,0.7345679012345679,202.73856492690098,32.49563243013556,38.38234227446542,-3.562892408299267,-4.702241553182528,-2.383037884419981
Chronos-2,720,24,1596,58.42777073413208,88.03216993244398,1.0972338837111257,-13.547515630124506,349,118.02039252994395,-104.30763674192238,17.940250934853392,0.6766917293233082,157.53458974176183,35.8511823331729,0.5959885386819485,240.05002949230993,55.09227574732527,61.92484134477311,-18.008946057847865,-19.985580264305593,-16.08729268599362
Chronos-2,2160,1,1596,11.20112595402806,19.539362893529812,0.2106322278726259,1.7604969127435135,328,19.649886852357447,-0.8978877649074648,3.9150987270979853,0.7600250626566416,35.454525182719216,6.805913796463633,0.8292682926829268,67.80583321175924,10.497058924903047,11.82328947626261,-0.5488740459719398,-0.9056966853872785,-0.20591592758232216
Chronos-2,2160,6,1596,37.30708645101179,63.29846581192737,0.6969126805528588,-3.912553568531696,324,69.3875740663505,-49.090347643251775,12.399965947094618,0.724937343358396,104.80214463618763,23.245103806232716,0.7191358024691358,199.01975294984416,33.66038352000376,40.578436834452084,-1.9917857294393362,-3.117967930161845,-1.0108303054606484
Chronos-2,2160,24,1596,61.82613799685524,88.04114425528076,1.1602456431717258,-13.082079242046614,349,121.22350809703926,-111.41103905183196,18.941973121502844,0.6635338345864662,169.9433042817845,37.302823531980614,0.5415472779369628,243.43181549443898,58.29930562914031,65.62657134123334,-14.610578795124713,-16.319844303991328,-12.951668959951228
LightGBM calendar,0,1,1596,75.58990948165052,104.77037226762104,1.4200554627379574,-11.446091161513925,328,171.81272972658545,-171.81272972658545,,,,,,,73.14521440287541,78.13543887931611,63.83990948165052,61.75333630366392,66.13221225817252
LightGBM calendar,0,6,1596,77.6073831206158,107.56019763117249,1.4543445537066233,-9.719511224876486,324,177.37183587332896,-177.37183587332896,,,,,,,73.01785399553663,81.72004356846675,38.308510940164666,36.11741438306477,40.16147383054727
LightGBM calendar,0,24,1596,72.16509451056953,94.7996298481882,1.357911941169261,-6.769185135531941,349,146.27750981695053,-146.27750981695053,,,,,,,69.81214765621155,74.64033932941618,-4.271622281410422,-6.672107680874289,-1.9722264225233466
LightGBM global,24,1,1596,11.677932811863894,21.963225611662704,0.2191981580832013,0.5327205457664962,328,24.102957077746414,-4.886965829405582,,,,,,,10.855072702058406,12.55311211311504,-0.07206718813610528,-0.41503239597445857,0.25876165136400525
LightGBM global,24,6,1596,37.2532884746018,63.09899029677564,0.6965551902440954,-3.8531041275174296,324,75.49387752341167,-58.880705649178765,,,,,,,34.210898722756724,39.92012983499667,-2.0455837058493236,-2.9898385932091887,-1.2519508987538466
LightGBM global,24,24,1596,62.326369122137315,85.4055447856363,1.170127760507769,-2.317338277931482,349,109.82153049061965,-106.0372142912098,,,,,,,59.18426568074955,65.53135180377231,-14.110347669842636,-16.36212028585468,-11.950810920071207
LightGBM global,72,1,1596,11.677932811863894,21.963225611662704,0.2191981580832013,0.5327205457664962,328,24.102957077746414,-4.886965829405582,,,,,,,10.855072702058406,12.55311211311504,-0.07206718813610528,-0.41503239597445857,0.25876165136400525
LightGBM global,72,6,1596,37.2532884746018,63.09899029677564,0.6965551902440954,-3.8531041275174296,324,75.49387752341167,-58.880705649178765,,,,,,,34.210898722756724,39.92012983499667,-2.0455837058493236,-2.9898385932091887,-1.2519508987538466
LightGBM global,72,24,1596,62.326369122137315,85.4055447856363,1.170127760507769,-2.317338277931482,349,109.82153049061965,-106.0372142912098,,,,,,,59.18426568074955,65.53135180377231,-14.110347669842636,-16.36212028585468,-11.950810920071207
LightGBM global,168,1,1596,11.677932811863894,21.963225611662704,0.2191981580832013,0.5327205457664962,328,24.102957077746414,-4.886965829405582,,,,,,,10.855072702058406,12.55311211311504,-0.07206718813610528,-0.41503239597445857,0.25876165136400525
LightGBM global,168,6,1596,37.2532884746018,63.09899029677564,0.6965551902440954,-3.8531041275174296,324,75.49387752341167,-58.880705649178765,,,,,,,34.210898722756724,39.92012983499667,-2.0455837058493236,-2.9898385932091887,-1.2519508987538466
LightGBM global,168,24,1596,62.326369122137315,85.4055447856363,1.170127760507769,-2.317338277931482,349,109.82153049061965,-106.0372142912098,,,,,,,59.18426568074955,65.53135180377231,-14.110347669842636,-16.36212028585468,-11.950810920071207
LightGBM global,720,1,1596,11.677932811863894,21.963225611662704,0.2191981580832013,0.5327205457664962,328,24.102957077746414,-4.886965829405582,,,,,,,10.855072702058406,12.55311211311504,-0.07206718813610528,-0.41503239597445857,0.25876165136400525
LightGBM global,720,6,1596,37.2532884746018,63.09899029677564,0.6965551902440954,-3.8531041275174296,324,75.49387752341167,-58.880705649178765,,,,,,,34.210898722756724,39.92012983499667,-2.0455837058493236,-2.9898385932091887,-1.2519508987538466
LightGBM global,720,24,1596,62.326369122137315,85.4055447856363,1.170127760507769,-2.317338277931482,349,109.82153049061965,-106.0372142912098,,,,,,,59.18426568074955,65.53135180377231,-14.110347669842636,-16.36212028585468,-11.950810920071207
LightGBM global,2160,1,1596,11.677932811863894,21.963225611662704,0.2191981580832013,0.5327205457664962,328,24.102957077746414,-4.886965829405582,,,,,,,10.855072702058406,12.55311211311504,-0.07206718813610528,-0.41503239597445857,0.25876165136400525
LightGBM global,2160,6,1596,37.2532884746018,63.09899029677564,0.6965551902440954,-3.8531041275174296,324,75.49387752341167,-58.880705649178765,,,,,,,34.210898722756724,39.92012983499667,-2.0455837058493236,-2.9898385932091887,-1.2519508987538466
LightGBM global,2160,24,1596,62.326369122137315,85.4055447856363,1.170127760507769,-2.317338277931482,349,109.82153049061965,-106.0372142912098,,,,,,,59.18426568074955,65.53135180377231,-14.110347669842636,-16.36212028585468,-11.950810920071207
LightGBM global+local,24,1,1596,11.677932811863894,21.963225611662704,0.2191981580832013,0.5327205457664962,328,24.102957077746414,-4.886965829405582,,,,,,,10.855072702058406,12.55311211311504,-0.07206718813610528,-0.41503239597445857,0.25876165136400525
LightGBM global+local,24,6,1596,37.2532884746018,63.09899029677564,0.6965551902440954,-3.8531041275174296,324,75.49387752341167,-58.880705649178765,,,,,,,34.210898722756724,39.92012983499667,-2.0455837058493236,-2.9898385932091887,-1.2519508987538466
LightGBM global+local,24,24,1596,62.326369122137315,85.4055447856363,1.170127760507769,-2.317338277931482,349,109.82153049061965,-106.0372142912098,,,,,,,59.18426568074955,65.53135180377231,-14.110347669842636,-16.36212028585468,-11.950810920071207
LightGBM global+local,72,1,1596,11.797195349062049,22.163921603620768,0.22138343187907594,0.5355002123337433,328,24.38909962601134,-5.183861283498657,,,,,,,10.939097198125443,12.697935564194776,0.0471953490620491,-0.3732690797707294,0.4640320166939054
LightGBM global+local,72,6,1596,37.24339248633811,63.52387290472982,0.696487293058114,-6.224864365542584,324,78.1052549363809,-63.32281292544001,,,,,,,34.28889385408541,39.80696081733763,-2.05547969411302,-3.052605053360109,-1.0063217387456784
LightGBM global+local,72,24,1596,62.350368141158334,85.39170318114897,1.1709709126391628,-2.601516898866117,349,109.6627876310005,-105.81159874568569,,,,,,,59.281333667713334,65.39234199294796,-14.086348650821618,-16.484561987431217,-11.729569301972717
LightGBM global+local,168,1,1596,11.695712219002242,21.942546325014845,0.21950207815140457,0.49497363913279613,328,23.992858910012664,-5.051487176462377,,,,,,,10.869662549462017,12.603078674737825,-0.05428778099775474,-0.4431910752134575,0.31569150256492606
LightGBM global+local,168,6,1596,37.09877642814702,63.28375642392052,0.6939876986004856,-5.726720036801621,324,77.31303691603678,-61.763657040238925,,,,,,,34.09362382264731,39.60653413511992,-2.200095752304114,-3.1393512921756064,-1.2157329468305649
LightGBM global+local,168,24,1596,62.381624482340705,85.77005951656619,1.1713779897898782,-2.798831079284212,349,109.86611584431354,-105.36297044293806,,,,,,,59.28200808900186,65.71462643539617,-14.055092309639239,-16.50399274830632,-11.74106782273337
LightGBM global+local,720,1,1596,11.698042519937557,21.82238460358229,0.21959616522758674,0.40477471735002146,328,24.02057074393021,-5.470147472231194,,,,,,,10.806692891621413,12.642352514092343,-0.05195748006244188,-0.37646116310661004,0.2896310188813805
LightGBM global+local,720,6,1596,37.1553253872118,63.58811189943595,0.6952797485336693,-5.352179791319004,324,77.27440137291454,-61.36924584682632,,,,,,,34.34199008651822,39.54125568888312,-2.1435467932393197,-3.0159639018823903,-1.288801795771099
LightGBM global+local,720,24,1596,62.054238235977884,85.04765296099681,1.1659492780527043,-2.4557534193532002,349,108.09730862277189,-103.91148525650249,,,,,,,59.17682664631329,65.17343352839158,-14.382478556002061,-16.88155786425045,-11.902672890488136
LightGBM global+local,2160,1,1596,11.730612914414234,21.73328118757519,0.2200930848040982,0.6108436635464393,328,24.08508733902178,-4.771895798006181,,,,,,,10.80959652391665,12.758852656166493,-0.019387085585765726,-0.38491090280769386,0.39133278388997217
LightGBM global+local,2160,6,1596,37.013062787746215,63.14020203064922,0.6921654697476806,-5.234903716218781,324,76.71432920155254,-61.31036634973699,,,,,,,33.911980236514715,39.56820111614345,-2.2858093927049152,-3.168965123780009,-1.3907315636574957
LightGBM global+local,2160,24,1596,62.17046081859354,84.83184401011185,1.1672647664740166,-2.4608698600677723,349,108.73340146295668,-104.52581876787025,,,,,,,59.03068172329074,65.31126750870057,-14.266255973386418,-16.472189128555026,-12.176645163706517
Persistence,24,1,1596,11.75,21.040225824759872,0.2207537520456358,-0.4066416040100251,328,21.115853658536587,-6.817073170731708,,,,,,,10.983313017968548,12.53611117346597,0.0,0.0,0.0
Persistence,24,6,1596,39.29887218045113,65.57632966651403,0.7362100956069346,-0.6046365914786967,324,65.45061728395062,-25.944444444444443,,,,,,,36.40538064070791,42.016058454833676,0.0,0.0,0.0
Persistence,24,24,1596,76.43671679197995,108.74563051170594,1.433471810685384,3.4342105263157894,349,111.4756446991404,-68.02578796561605,,,,,,,72.30500420479179,80.36421127081658,0.0,0.0,0.0
Persistence,72,1,1596,11.75,21.040225824759872,0.2207537520456358,-0.4066416040100251,328,21.115853658536587,-6.817073170731708,,,,,,,10.983313017968548,12.53611117346597,0.0,0.0,0.0
Persistence,72,6,1596,39.29887218045113,65.57632966651403,0.7362100956069346,-0.6046365914786967,324,65.45061728395062,-25.944444444444443,,,,,,,36.40538064070791,42.016058454833676,0.0,0.0,0.0
Persistence,72,24,1596,76.43671679197995,108.74563051170594,1.433471810685384,3.4342105263157894,349,111.4756446991404,-68.02578796561605,,,,,,,72.30500420479179,80.36421127081658,0.0,0.0,0.0
Persistence,168,1,1596,11.75,21.040225824759872,0.2207537520456358,-0.4066416040100251,328,21.115853658536587,-6.817073170731708,,,,,,,10.983313017968548,12.53611117346597,0.0,0.0,0.0
Persistence,168,6,1596,39.29887218045113,65.57632966651403,0.7362100956069346,-0.6046365914786967,324,65.45061728395062,-25.944444444444443,,,,,,,36.40538064070791,42.016058454833676,0.0,0.0,0.0
Persistence,168,24,1596,76.43671679197995,108.74563051170594,1.433471810685384,3.4342105263157894,349,111.4756446991404,-68.02578796561605,,,,,,,72.30500420479179,80.36421127081658,0.0,0.0,0.0
Persistence,720,1,1596,11.75,21.040225824759872,0.2207537520456358,-0.4066416040100251,328,21.115853658536587,-6.817073170731708,,,,,,,10.983313017968548,12.53611117346597,0.0,0.0,0.0
Persistence,720,6,1596,39.29887218045113,65.57632966651403,0.7362100956069346,-0.6046365914786967,324,65.45061728395062,-25.944444444444443,,,,,,,36.40538064070791,42.016058454833676,0.0,0.0,0.0
Persistence,720,24,1596,76.43671679197995,108.74563051170594,1.433471810685384,3.4342105263157894,349,111.4756446991404,-68.02578796561605,,,,,,,72.30500420479179,80.36421127081658,0.0,0.0,0.0
Persistence,2160,1,1596,11.75,21.040225824759872,0.2207537520456358,-0.4066416040100251,328,21.115853658536587,-6.817073170731708,,,,,,,10.983313017968548,12.53611117346597,0.0,0.0,0.0
Persistence,2160,6,1596,39.29887218045113,65.57632966651403,0.7362100956069346,-0.6046365914786967,324,65.45061728395062,-25.944444444444443,,,,,,,36.40538064070791,42.016058454833676,0.0,0.0,0.0
Persistence,2160,24,1596,76.43671679197995,108.74563051170594,1.433471810685384,3.4342105263157894,349,111.4756446991404,-68.02578796561605,,,,,,,72.30500420479179,80.36421127081658,0.0,0.0,0.0
Seasonal day,24,1,1596,79.99937343358395,116.32999848003917,1.5012713939308373,4.3314536340852134,328,130.0640243902439,-70.96646341463415,,,,,,,75.69470802919709,84.5429799411185,68.24937343358395,64.43239899662437,72.59389907385707
Seasonal day,24,6,1596,81.58959899749374,124.40299791292938,1.5281250754277933,1.4342105263157894,324,126.11111111111111,-96.91358024691358,,,,,,,76.02660536549679,86.26614097831288,42.290726817042604,39.06342229628295,45.2712467005807
Seasonal day,24,24,1596,76.43671679197995,108.74563051170594,1.433471810685384,3.4342105263157894,349,111.4756446991404,-68.02578796561605,,,,,,,72.30500420479179,80.36421127081658,0.0,0.0,0.0
Seasonal day,72,1,1596,79.99937343358395,116.32999848003917,1.5012713939308373,4.3314536340852134,328,130.0640243902439,-70.96646341463415,,,,,,,75.69470802919709,84.5429799411185,68.24937343358395,64.43239899662437,72.59389907385707
Seasonal day,72,6,1596,81.58959899749374,124.40299791292938,1.5281250754277933,1.4342105263157894,324,126.11111111111111,-96.91358024691358,,,,,,,76.02660536549679,86.26614097831288,42.290726817042604,39.06342229628295,45.2712467005807
Seasonal day,72,24,1596,76.43671679197995,108.74563051170594,1.433471810685384,3.4342105263157894,349,111.4756446991404,-68.02578796561605,,,,,,,72.30500420479179,80.36421127081658,0.0,0.0,0.0
Seasonal day,168,1,1596,79.99937343358395,116.32999848003917,1.5012713939308373,4.3314536340852134,328,130.0640243902439,-70.96646341463415,,,,,,,75.69470802919709,84.5429799411185,68.24937343358395,64.43239899662437,72.59389907385707
Seasonal day,168,6,1596,81.58959899749374,124.40299791292938,1.5281250754277933,1.4342105263157894,324,126.11111111111111,-96.91358024691358,,,,,,,76.02660536549679,86.26614097831288,42.290726817042604,39.06342229628295,45.2712467005807
Seasonal day,168,24,1596,76.43671679197995,108.74563051170594,1.433471810685384,3.4342105263157894,349,111.4756446991404,-68.02578796561605,,,,,,,72.30500420479179,80.36421127081658,0.0,0.0,0.0
Seasonal day,720,1,1596,79.99937343358395,116.32999848003917,1.5012713939308373,4.3314536340852134,328,130.0640243902439,-70.96646341463415,,,,,,,75.69470802919709,84.5429799411185,68.24937343358395,64.43239899662437,72.59389907385707
Seasonal day,720,6,1596,81.58959899749374,124.40299791292938,1.5281250754277933,1.4342105263157894,324,126.11111111111111,-96.91358024691358,,,,,,,76.02660536549679,86.26614097831288,42.290726817042604,39.06342229628295,45.2712467005807
Seasonal day,720,24,1596,76.43671679197995,108.74563051170594,1.433471810685384,3.4342105263157894,349,111.4756446991404,-68.02578796561605,,,,,,,72.30500420479179,80.36421127081658,0.0,0.0,0.0
Seasonal day,2160,1,1596,79.99937343358395,116.32999848003917,1.5012713939308373,4.3314536340852134,328,130.0640243902439,-70.96646341463415,,,,,,,75.69470802919709,84.5429799411185,68.24937343358395,64.43239899662437,72.59389907385707
Seasonal day,2160,6,1596,81.58959899749374,124.40299791292938,1.5281250754277933,1.4342105263157894,324,126.11111111111111,-96.91358024691358,,,,,,,76.02660536549679,86.26614097831288,42.290726817042604,39.06342229628295,45.2712467005807
Seasonal day,2160,24,1596,76.43671679197995,108.74563051170594,1.433471810685384,3.4342105263157894,349,111.4756446991404,-68.02578796561605,,,,,,,72.30500420479179,80.36421127081658,0.0,0.0,0.0
Seasonal week,168,1,1596,102.41854636591479,143.486243260504,1.9202102053092098,-4.605263157894737,328,190.6280487804878,-164.8780487804878,,,,,,,96.66874846537648,107.83273871165785,90.66854636591479,85.49449753900812,95.57944747189073
Seasonal week,168,6,1596,96.18170426065163,138.56821560494978,1.8007025386196474,-6.268170426065163,324,182.62962962962962,-164.4814814814815,,,,,,,89.47594247003097,102.49806908649728,56.8828320802005,52.4398311701373,61.233543432497136
Seasonal week,168,24,1596,102.531328320802,142.50042430574828,1.9224147661217663,3.073934837092732,349,177.72779369627509,-144.7077363896848,,,,,,,95.47263328203788,108.85549746327649,26.094611528822057,22.501664136000954,28.87814320625611
Seasonal week,720,1,1596,102.41854636591479,143.486243260504,1.9202102053092098,-4.605263157894737,328,190.6280487804878,-164.8780487804878,,,,,,,96.66874846537648,107.83273871165785,90.66854636591479,85.49449753900812,95.57944747189073
Seasonal week,720,6,1596,96.18170426065163,138.56821560494978,1.8007025386196474,-6.268170426065163,324,182.62962962962962,-164.4814814814815,,,,,,,89.47594247003097,102.49806908649728,56.8828320802005,52.4398311701373,61.233543432497136
Seasonal week,720,24,1596,102.531328320802,142.50042430574828,1.9224147661217663,3.073934837092732,349,177.72779369627509,-144.7077363896848,,,,,,,95.47263328203788,108.85549746327649,26.094611528822057,22.501664136000954,28.87814320625611
Seasonal week,2160,1,1596,102.41854636591479,143.486243260504,1.9202102053092098,-4.605263157894737,328,190.6280487804878,-164.8780487804878,,,,,,,96.66874846537648,107.83273871165785,90.66854636591479,85.49449753900812,95.57944747189073
Seasonal week,2160,6,1596,96.18170426065163,138.56821560494978,1.8007025386196474,-6.268170426065163,324,182.62962962962962,-164.4814814814815,,,,,,,89.47594247003097,102.49806908649728,56.8828320802005,52.4398311701373,61.233543432497136
Seasonal week,2160,24,1596,102.531328320802,142.50042430574828,1.9224147661217663,3.073934837092732,349,177.72779369627509,-144.7077363896848,,,,,,,95.47263328203788,108.85549746327649,26.094611528822057,22.501664136000954,28.87814320625611
